Source, 	Trump Image Box,	Trump Baseline
Unknown,	0,	7.718120805
Left,	55.84415584,	51.67785235
Center,		23.05194805,	29.53020134
Right,	21.1038961,	11.0738255
