Source, Clinton Image Box,	Clinton Baseline
Unknown,0,	11.61473088
Left,	65.57863501, 41.07648725
Center,	12.16617211,	26.06232295
Right,	22.25519288,	21.24645892
